<application>
  <component name="ProjectJdkTable">
    <jdk version="2">
      <name value="1.8" />
      <type value="JavaSDK" />
      <version value="java version &quot;1.8.0_162&quot;" />
      <homePath value="/usr/lib/jvm/java-1.8.0-openjdk-amd64" />
      <roots>
        <annotationsPath>
          <root type="composite">
            <root url="jar://$APPLICATION_HOME_DIR$/lib/jdkAnnotations.jar!/" type="simple" />
          </root>
        </annotationsPath>
        <classPath>
          <root type="composite">
            <root url="jar:///usr/lib/jvm/java-1.8.0-openjdk-amd64/jre/lib/charsets.jar!/" type="simple" />
            <root url="jar:///usr/lib/jvm/java-1.8.0-openjdk-amd64/jre/lib/ext/cldrdata.jar!/" type="simple" />
            <root url="jar:///usr/lib/jvm/java-1.8.0-openjdk-amd64/jre/lib/ext/dnsns.jar!/" type="simple" />
            <root url="jar:///usr/lib/jvm/java-1.8.0-openjdk-amd64/jre/lib/ext/icedtea-sound.jar!/" type="simple" />
            <root url="jar:///usr/lib/jvm/java-1.8.0-openjdk-amd64/jre/lib/ext/jaccess.jar!/" type="simple" />
            <root url="jar:///usr/lib/jvm/java-1.8.0-openjdk-amd64/jre/lib/ext/localedata.jar!/" type="simple" />
            <root url="jar:///usr/lib/jvm/java-1.8.0-openjdk-amd64/jre/lib/ext/nashorn.jar!/" type="simple" />
            <root url="jar:///usr/lib/jvm/java-1.8.0-openjdk-amd64/jre/lib/ext/sunec.jar!/" type="simple" />
            <root url="jar:///usr/lib/jvm/java-1.8.0-openjdk-amd64/jre/lib/ext/sunjce_provider.jar!/" type="simple" />
            <root url="jar:///usr/lib/jvm/java-1.8.0-openjdk-amd64/jre/lib/ext/sunpkcs11.jar!/" type="simple" />
            <root url="jar:///usr/lib/jvm/java-1.8.0-openjdk-amd64/jre/lib/ext/zipfs.jar!/" type="simple" />
            <root url="jar:///usr/lib/jvm/java-1.8.0-openjdk-amd64/jre/lib/jce.jar!/" type="simple" />
            <root url="jar:///usr/lib/jvm/java-1.8.0-openjdk-amd64/jre/lib/jsse.jar!/" type="simple" />
            <root url="jar:///usr/lib/jvm/java-1.8.0-openjdk-amd64/jre/lib/management-agent.jar!/" type="simple" />
            <root url="jar:///usr/lib/jvm/java-1.8.0-openjdk-amd64/jre/lib/resources.jar!/" type="simple" />
            <root url="jar:///usr/lib/jvm/java-1.8.0-openjdk-amd64/jre/lib/rt.jar!/" type="simple" />
          </root>
        </classPath>
        <javadocPath>
          <root type="composite" />
        </javadocPath>
        <sourcePath>
          <root type="composite" />
        </sourcePath>
      </roots>
      <additional />
    </jdk>
    <jdk version="2">
      <name value="Android API 22 Platform" />
      <type value="Android SDK" />
      <version value="java version &quot;1.8.0_162&quot;" />
      <homePath value="/work/android-sdk-linux" />
      <roots>
        <annotationsPath>
          <root type="composite">
            <root url="jar://$APPLICATION_HOME_DIR$/plugins/android/lib/androidAnnotations.jar!/" type="simple" />
          </root>
        </annotationsPath>
        <classPath>
          <root type="composite">
            <root url="jar:///work/android-sdk-linux/platforms/android-22/android.jar!/" type="simple" />
            <root url="file:///work/android-sdk-linux/platforms/android-22/data/res" type="simple" />
          </root>
        </classPath>
        <javadocPath>
          <root type="composite">
            <root url="http://developer.android.com/reference/" type="simple" />
          </root>
        </javadocPath>
        <sourcePath>
          <root type="composite">
            <root url="file:///work/android-sdk-linux/sources/android-22" type="simple" />
          </root>
        </sourcePath>
      </roots>
      <additional jdk="1.8" sdk="android-22" />
    </jdk>
    <jdk version="2">
      <name value="Android API 23 Platform" />
      <type value="Android SDK" />
      <version value="java version &quot;1.8.0_162&quot;" />
      <homePath value="/work/android-sdk-linux" />
      <roots>
        <annotationsPath>
          <root type="composite">
            <root url="jar://$APPLICATION_HOME_DIR$/plugins/android/lib/androidAnnotations.jar!/" type="simple" />
          </root>
        </annotationsPath>
        <classPath>
          <root type="composite">
            <root url="jar:///work/android-sdk-linux/platforms/android-23/android.jar!/" type="simple" />
            <root url="file:///work/android-sdk-linux/platforms/android-23/data/res" type="simple" />
          </root>
        </classPath>
        <javadocPath>
          <root type="composite">
            <root url="http://developer.android.com/reference/" type="simple" />
          </root>
        </javadocPath>
        <sourcePath>
          <root type="composite">
            <root url="file:///work/android-sdk-linux/sources/android-23" type="simple" />
          </root>
        </sourcePath>
      </roots>
      <additional jdk="1.8" sdk="android-23" />
    </jdk>
    <jdk version="2">
      <name value="Android API 23, N preview Platform" />
      <type value="Android SDK" />
      <homePath value="/work/android-sdk-linux" />
      <roots>
        <annotationsPath>
          <root type="composite">
            <root url="jar://$APPLICATION_HOME_DIR$/plugins/android/lib/androidAnnotations.jar!/" type="simple" />
          </root>
        </annotationsPath>
        <classPath>
          <root type="composite">
            <root url="jar:///work/android-sdk-linux/platforms/android-N/android.jar!/" type="simple" />
            <root url="file:///work/android-sdk-linux/platforms/android-N/data/res" type="simple" />
          </root>
        </classPath>
        <javadocPath>
          <root type="composite">
            <root url="http://developer.android.com/reference/" type="simple" />
          </root>
        </javadocPath>
        <sourcePath>
          <root type="composite" />
        </sourcePath>
      </roots>
      <additional jdk="1.8" sdk="android-N" />
    </jdk>
    <jdk version="2">
      <name value="Android API 24 Platform" />
      <type value="Android SDK" />
      <homePath value="/work/android-sdk-linux" />
      <roots>
        <annotationsPath>
          <root type="composite">
            <root url="jar://$APPLICATION_HOME_DIR$/plugins/android/lib/androidAnnotations.jar!/" type="simple" />
          </root>
        </annotationsPath>
        <classPath>
          <root type="composite">
            <root url="jar:///work/android-sdk-linux/platforms/android-24/android.jar!/" type="simple" />
            <root url="file:///work/android-sdk-linux/platforms/android-24/data/res" type="simple" />
          </root>
        </classPath>
        <javadocPath>
          <root type="composite">
            <root url="http://developer.android.com/reference/" type="simple" />
          </root>
        </javadocPath>
        <sourcePath>
          <root type="composite">
            <root url="file:///work/android-sdk-linux/sources/android-24" type="simple" />
          </root>
        </sourcePath>
      </roots>
      <additional jdk="1.8" sdk="android-24" />
    </jdk>
    <jdk version="2">
      <name value="Android API 25 Platform" />
      <type value="Android SDK" />
      <homePath value="/work/android-sdk-linux" />
      <roots>
        <annotationsPath>
          <root type="composite">
            <root url="jar://$APPLICATION_HOME_DIR$/plugins/android/lib/androidAnnotations.jar!/" type="simple" />
          </root>
        </annotationsPath>
        <classPath>
          <root type="composite">
            <root url="jar:///work/android-sdk-linux/platforms/android-25/android.jar!/" type="simple" />
            <root url="file:///work/android-sdk-linux/platforms/android-25/data/res" type="simple" />
          </root>
        </classPath>
        <javadocPath>
          <root type="composite">
            <root url="http://developer.android.com/reference/" type="simple" />
          </root>
        </javadocPath>
        <sourcePath>
          <root type="composite">
            <root url="file:///work/android-sdk-linux/sources/android-25" type="simple" />
          </root>
        </sourcePath>
      </roots>
      <additional jdk="1.8" sdk="android-25" />
    </jdk>
    <jdk version="2">
      <name value="Android API 26 Platform" />
      <type value="Android SDK" />
      <version value="java version &quot;1.8.0_162&quot;" />
      <homePath value="/work/android-sdk-linux" />
      <roots>
        <annotationsPath>
          <root type="composite">
            <root url="jar://$APPLICATION_HOME_DIR$/plugins/android/lib/androidAnnotations.jar!/" type="simple" />
          </root>
        </annotationsPath>
        <classPath>
          <root type="composite">
            <root url="jar:///work/android-sdk-linux/platforms/android-26/android.jar!/" type="simple" />
            <root url="file:///work/android-sdk-linux/platforms/android-26/data/res" type="simple" />
          </root>
        </classPath>
        <javadocPath>
          <root type="composite">
            <root url="http://developer.android.com/reference/" type="simple" />
          </root>
        </javadocPath>
        <sourcePath>
          <root type="composite">
            <root url="file:///work/android-sdk-linux/sources/android-26" type="simple" />
          </root>
        </sourcePath>
      </roots>
      <additional jdk="1.8" sdk="android-26" />
    </jdk>
    <jdk version="2">
      <name value="Android API 27, P preview Platform" />
      <type value="Android SDK" />
      <homePath value="/work/android-sdk-linux" />
      <roots>
        <annotationsPath>
          <root type="composite">
            <root url="jar://$APPLICATION_HOME_DIR$/plugins/android/lib/androidAnnotations.jar!/" type="simple" />
          </root>
        </annotationsPath>
        <classPath>
          <root type="composite">
            <root url="jar:///work/android-sdk-linux/platforms/android-P/android.jar!/" type="simple" />
            <root url="file:///work/android-sdk-linux/platforms/android-P/data/res" type="simple" />
          </root>
        </classPath>
        <javadocPath>
          <root type="composite">
            <root url="http://developer.android.com/reference/" type="simple" />
          </root>
        </javadocPath>
        <sourcePath>
          <root type="composite" />
        </sourcePath>
      </roots>
      <additional jdk="1.8" sdk="android-P" />
    </jdk>
    <jdk version="2">
      <name value="Android API 28 Platform" />
      <type value="Android SDK" />
      <homePath value="/work/android-sdk-linux" />
      <roots>
        <annotationsPath>
          <root type="composite">
            <root url="jar://$APPLICATION_HOME_DIR$/plugins/android/lib/androidAnnotations.jar!/" type="simple" />
          </root>
        </annotationsPath>
        <classPath>
          <root type="composite">
            <root url="jar:///work/android-sdk-linux/platforms/android-28/android.jar!/" type="simple" />
            <root url="file:///work/android-sdk-linux/platforms/android-28/data/res" type="simple" />
          </root>
        </classPath>
        <javadocPath>
          <root type="composite">
            <root url="http://developer.android.com/reference/" type="simple" />
          </root>
        </javadocPath>
        <sourcePath>
          <root type="composite">
            <root url="file:///work/android-sdk-linux/sources/android-28" type="simple" />
          </root>
        </sourcePath>
      </roots>
      <additional jdk="1.8" sdk="android-28" />
    </jdk>
  </component>
</application>