<application>
  <component name="CodeStyleSchemes">
    <option name="CURRENT_SCHEME_NAME" value="Default" />
  </component>
  <component name="CvsApplicationLevelConfiguration">
    <option name="EXT_CONFIGURATION">
      <value>
        <option name="CVS_RSH" value="ssh" />
        <option name="PRIVATE_KEY_FILE" value="" />
        <option name="ADDITIONAL_PARAMETERS" value="" />
        <option name="USE_INTERNAL_SSH_IMPLEMENTATION" value="false" />
      </value>
    </option>
    <option name="SSH_CONFIGURATION">
      <value SSH_TYPE="SSH1, SSH2">
        <option name="USE_PPK" value="false" />
        <option name="PATH_TO_PPK" value="" />
      </value>
    </option>
    <option name="LOCAL_CONFIGURATION">
      <value>
        <option name="PATH_TO_CVS_CLIENT" value="cvs" />
      </value>
    </option>
    <option name="PROXY_SETTINGS">
      <value>
        <option name="USE_PROXY" value="false" />
        <option name="PROXY_HOST" value="" />
        <option name="PROXY_PORT" value="8080" />
        <option name="TYPE" value="0" />
        <option name="LOGIN" value="" />
        <option name="PASSWORD" value="" />
      </value>
    </option>
    <option name="SSH_FOR_EXT_CONFIGURATION">
      <value SSH_TYPE="SSH1, SSH2">
        <option name="USE_PPK" value="false" />
        <option name="PATH_TO_PPK" value="" />
      </value>
    </option>
    <option name="PATH_TO_PASSWORD_FILE" value="$userdir/.cvspass" />
    <option name="TIMEOUT" value="10" />
    <option name="MAKE_CHECKED_OUT_FILES_READONLY" value="false" />
    <option name="CHECKOUT_PRUNE_EMPTY_DIRECTORIES" value="true" />
    <option name="CHECKOUT_KEYWORD_SUBSTITUTION" />
    <option name="SHOW_RESTORE_DIRECTORIES_CONFIRMATION" value="true" />
    <option name="ENCODING" value="Default" />
    <option name="USE_GZIP" value="false" />
    <option name="DO_OUTPUT" value="false" />
    <option name="SEND_ENVIRONMENT_VARIABLES_TO_SERVER" value="false" />
    <option name="SHOW_PATH" value="true" />
  </component>
  <component name="ImportConfiguration">
    <option name="VENDOR" />
    <option name="RELEASE_TAG" />
    <option name="LOG_MESSAGE" />
    <option name="CHECKOUT_AFTER_IMPORT" value="true" />
    <option name="KEYWORD_SUBSTITUTION_WRAPPERS" value="" />
    <option name="MAKE_NEW_FILES_READ_ONLY" value="false" />
  </component>
  <component name="RefactoringSettings">
    <option name="RENAME_SEARCH_FOR_TEXT_FOR_CLASS" value="false" />
    <option name="MOVE_PREVIEW_USAGES" value="false" />
  </component>
  <component name="SvnApplicationSettings">
    <option name="myCheckoutURLs">
      <list>
        <option value="http://192.168.87.3/svn/tcl_dep_app/01-%E5%9B%A2%E9%98%9F%E7%AE%A1%E7%90%86/07-%E5%90%84FAT%E5%9B%A2%E9%98%9F%E7%AE%A1%E7%90%86/09-GApp/GAPP_New/GAPP%E9%A1%B9%E7%9B%AE%E7%AE%A1%E7%90%86/11-Document/01-%E6%96%87%E6%A1%A3%E5%81%9A%E6%88%90/16-MeetingAssistant/MeetingAssistant" />
        <option value="http://192.168.87.19/svn/IndustryProducts/025-GApp%E4%B8%AD%E5%9B%BD%E5%8C%BA/03_Coding/Weather/common" />
      </list>
    </option>
    <option name="myTypedURLs">
      <list>
        <option value="http://192.168.87.3/svn/tcl_dep_app/01-%E5%9B%A2%E9%98%9F%E7%AE%A1%E7%90%86/07-%E5%90%84FAT%E5%9B%A2%E9%98%9F%E7%AE%A1%E7%90%86/09-GApp/GAPP_New/GAPP%E9%A1%B9%E7%9B%AE%E7%AE%A1%E7%90%86/11-Document/01-%E6%96%87%E6%A1%A3%E5%81%9A%E6%88%90/16-MeetingAssistant/MeetingAssistant" />
        <option value="http://192.168.87.19/svn/IndustryProducts/025-GApp%E4%B8%AD%E5%9B%BD%E5%8C%BA/03_Coding/Weather/common" />
      </list>
    </option>
  </component>
  <component name="VcsApplicationSettings">
    <option name="PATCH_STORAGE_LOCATION" />
  </component>
  <component name="com.intellij.ide.fileTemplates.impl.FileTemplateManagerImpl">
    <recent_templates>
      <option name="RECENT_TEMPLATES">
        <value>
          <list size="0" />
        </value>
      </option>
    </recent_templates>
  </component>
  <component name="com.intellij.javaee.ExternalResourceManagerImpl">
    <ignored-resource url="http://relaxng.org/ns/compatibility/annotations/1.0" />
    <ignored-resource url="http://www.w3.org/1998/Math/MathML" />
    <ignored-resource url="http://www.w3.org/2000/svg" />
  </component>
</application>