<application>
  <component name="VimSettings">
    <state version="4" enabled="true" />
    <globalmarks />
    <filemarks>
      <file name="/work/code/DemoAlertDialog/app/src/main/java/com/example/archermind/demoalertdialog/ConnectingDialog.java" timestamp="1551249206660">
        <mark key="[" line="31" column="55" />
        <mark key="]" line="31" column="60" />
        <mark key="^" line="31" column="60" />
        <mark key="." line="31" column="60" />
      </file>
      <file name="/work/code/DemoBinder/app/src/main/aidl/com/example/archermind/demobinder/MyData.aidl" timestamp="1551339755868">
        <mark key="[" line="5" column="18" />
        <mark key="]" line="5" column="17" />
        <mark key="." line="5" column="17" />
        <mark key="^" line="5" column="17" />
      </file>
      <file name="/work/code/DemoAlertDialog/app/src/main/java/com/example/archermind/demoalertdialog/OtherTestDialogActivity.java" timestamp="1551249086044">
        <mark key="[" line="38" column="26" />
        <mark key="]" line="47" column="27" />
        <mark key="^" line="47" column="27" />
        <mark key="." line="47" column="27" />
      </file>
      <file name="/a.dummy" timestamp="1559801228214">
        <mark key="[" line="0" column="0" />
      </file>
      <file name="/work/code/DemoJNI/app/src/main/jni/Hello_jni.c" timestamp="1551776542534">
        <mark key="[" line="7" column="14" />
        <mark key="]" line="7" column="14" />
        <mark key="." line="7" column="14" />
        <mark key="^" line="7" column="14" />
      </file>
      <file name="/work/code/connect/app/packages/apps/HTC_Connect/src/com/htc/wifidisplay/dialog/ConnectingDialog.java" timestamp="1551841540796">
        <mark key="[" line="30" column="28" />
        <mark key="]" line="30" column="27" />
        <mark key="^" line="30" column="27" />
        <mark key="." line="30" column="27" />
      </file>
      <file name="/work/code/DemoBinder/app/src/main/java/com/example/archermind/demobinder/MyData.java" timestamp="1551339099265">
        <mark key="[" line="66" column="30" />
        <mark key="]" line="66" column="33" />
        <mark key="." line="66" column="33" />
        <mark key="^" line="66" column="33" />
      </file>
      <file name="/work/code/HTC_Connect/app/packages/apps/HTC_Connect/src/com/htc/wifidisplay/airplay/AirplayService.java" timestamp="1559803034285">
        <mark key="[" line="30" column="0" />
        <mark key="]" line="30" column="0" />
        <mark key="^" line="175" column="8" />
        <mark key="." line="30" column="0" />
      </file>
      <file name="/work/code/HTC_Connect/hdk/htc/lib3/MediaLinkSharedModule/src/com/htc/lib3/medialinksharedmodule/medialinkhd/HtcDLNAServiceManager.java" timestamp="1559640016852">
        <mark key="'" line="2637" column="27" />
        <mark key="[" line="4899" column="9" />
        <mark key="]" line="4899" column="8" />
        <mark key="." line="4899" column="8" />
        <mark key="^" line="4899" column="8" />
      </file>
      <file name="/work/code/DemoAlertDialog/app/src/main/AndroidManifest.xml" timestamp="1551256766539">
        <mark key="[" line="33" column="19" />
        <mark key="]" line="34" column="7" />
        <mark key="." line="34" column="7" />
        <mark key="^" line="34" column="7" />
      </file>
      <file name="/work/AOSP/aosp/frameworks/base/core/java/android/view/WindowManagerPolicy.java" timestamp="1551247206504">
        <mark key="[" line="782" column="32" />
        <mark key="]" line="782" column="17" />
        <mark key="^" line="782" column="17" />
        <mark key="." line="782" column="17" />
      </file>
      <file name="/work/code/DemoJNI/app/src/main/java/com/example/archermind/demojni/HelloWorld.java" timestamp="1551775408791">
        <mark key="[" line="10" column="46" />
        <mark key="]" line="10" column="46" />
        <mark key="^" line="10" column="46" />
        <mark key="." line="10" column="46" />
      </file>
      <file name="/work/code/HTC_Connect/app/packages/apps/HTC_Connect/src/com/htc/wifidisplay/utilities/DMRDeviceManager.java" timestamp="1559548875764">
        <mark key="'" line="649" column="50" />
      </file>
      <file name="/work/AOSP/aosp/frameworks/base/core/java/android/app/ContextImpl.java" timestamp="1559527560024">
        <mark key="'" line="2301" column="24" />
        <mark key="." line="157" column="85" />
      </file>
      <file name="/work/code/DemoJNI/app/build.gradle" timestamp="1551776642222">
        <mark key="[" line="18" column="44" />
        <mark key="]" line="19" column="61" />
        <mark key="^" line="19" column="61" />
        <mark key="." line="19" column="61" />
      </file>
      <file name="/work/code/DemoBinder/app/src/main/aidl/com/example/archermind/demobinder/IRemoteService.aidl" timestamp="1551339511880">
        <mark key="[" line="3" column="40" />
        <mark key="]" line="3" column="46" />
        <mark key="." line="3" column="46" />
        <mark key="^" line="3" column="46" />
      </file>
      <file name="/work/code/DemoAlertDialog/app/build.gradle" timestamp="1550816991433">
        <mark key="[" line="8" column="26" />
        <mark key="]" line="8" column="26" />
        <mark key="." line="8" column="26" />
        <mark key="^" line="8" column="26" />
      </file>
      <file name="/work/code/HTC_Connect/app/packages/apps/HTC_Connect/src/com/htc/wifidisplay/engine/MediaOutputStateMachine.java" timestamp="1559640370880">
        <mark key="'" line="42" column="39" />
      </file>
      <file name="/work/code/DemoBinder/app/build.gradle" timestamp="1551774735077">
        <mark key="[" line="7" column="23" />
        <mark key="]" line="7" column="23" />
        <mark key="." line="7" column="23" />
        <mark key="^" line="7" column="23" />
      </file>
      <file name="/work/code/DemoAlertDialog/app/src/main/java/com/example/archermind/demoalertdialog/OtherTestDialogReceiver.java" timestamp="1550824121586">
        <mark key="[" line="24" column="39" />
        <mark key="]" line="24" column="39" />
        <mark key="^" line="24" column="39" />
        <mark key="." line="24" column="39" />
      </file>
      <file name="/work/code/HTC_Connect/app/packages/apps/HTC_Connect/src/com/htc/wifidisplay/utilities/IntentStringManager.java" timestamp="1559382363530">
        <mark key="[" line="215" column="18" />
        <mark key="]" line="215" column="23" />
        <mark key="^" line="215" column="23" />
        <mark key="." line="215" column="23" />
      </file>
      <file name="/work/code/DemoAlertDialog/app/src/main/res/layout/activity_othertest.xml" timestamp="1550825663436">
        <mark key="[" line="3" column="0" />
        <mark key="]" line="3" column="0" />
        <mark key="." line="3" column="0" />
        <mark key="^" line="12" column="36" />
      </file>
      <file name="/work/code/HTC_Connect/app/packages/apps/HTC_Connect/tests/src/com/htc/wifidisplay/engine/driver/AllPlayDeviceDriverTest.java" timestamp="1559372127986">
        <mark key="[" line="42" column="59" />
        <mark key="]" line="42" column="8" />
        <mark key="^" line="42" column="8" />
        <mark key="." line="42" column="8" />
      </file>
      <file name="/work/code/HTC_Connect/app/packages/apps/HTC_Connect/src/com/htc/wifidisplay/service/PinCodePreCheckService.java" timestamp="1559382560473">
        <mark key="'" line="105" column="26" />
        <mark key="[" line="26" column="0" />
        <mark key="]" line="26" column="0" />
        <mark key="." line="26" column="0" />
      </file>
      <file name="/work/code/DemoBinder/app/src/main/aidl/com/example/archermind/demobinder/MyData.aidl.aidl" timestamp="1551333032256">
        <mark key="[" line="5" column="16" />
        <mark key="]" line="5" column="15" />
        <mark key="." line="5" column="15" />
        <mark key="^" line="5" column="15" />
      </file>
      <file name="/work/code/DemoAlertDialog/app/src/main/java/com/example/archermind/demoalertdialog/OtherTestDialogService.java" timestamp="1551248167870">
        <mark key="[" line="65" column="55" />
        <mark key="]" line="65" column="55" />
        <mark key="." line="65" column="55" />
        <mark key="^" line="65" column="55" />
      </file>
      <file name="/work/code/HTC_Connect/app/packages/apps/HTC_Connect/src/com/htc/wifidisplay/engine/driver/BlackfireDeviceDriver.java" timestamp="1559801220644">
        <mark key="'" line="42" column="12" />
        <mark key="[" line="48" column="0" />
        <mark key="]" line="48" column="0" />
        <mark key="." line="48" column="0" />
      </file>
      <file name="/work/code/HTC_Connect/app/packages/apps/HTC_Connect/src/com/htc/wifidisplay/receiver/PinCodePreCheckReceiver.java" timestamp="1559803397041">
        <mark key="[" line="31" column="0" />
        <mark key="]" line="31" column="0" />
        <mark key="^" line="37" column="12" />
        <mark key="." line="31" column="0" />
      </file>
      <file name="/work/code/DemoStyle2/app/src/main/java/com/example/archermind/demostyle2/MainActivity.java" timestamp="1550540469101">
        <mark key="[" line="15" column="33" />
        <mark key="]" line="15" column="32" />
        <mark key="^" line="15" column="32" />
        <mark key="." line="15" column="32" />
      </file>
      <file name="/work/code/HTC_Connect/app/packages/apps/HTC_Connect/src/com/htc/wifidisplay/service/MediaOutputService.java" timestamp="1559531069204">
        <mark key="[" line="16" column="28" />
        <mark key="]" line="16" column="28" />
        <mark key="^" line="16" column="28" />
        <mark key="." line="16" column="28" />
      </file>
      <file name="/work/code/DemoBinder/app/src/main/res/layout/activity_main.xml" timestamp="1551336977456">
        <mark key="[" line="40" column="8" />
        <mark key="]" line="40" column="38" />
        <mark key="^" line="40" column="38" />
        <mark key="." line="40" column="38" />
      </file>
      <file name="/work/code/HTC_Connect/app/packages/apps/HTC_Connect/gradle.properties" timestamp="1559546388513">
        <mark key="[" line="39" column="0" />
        <mark key="]" line="39" column="0" />
        <mark key="." line="39" column="0" />
        <mark key="^" line="39" column="0" />
      </file>
      <file name="/work/code/HTC_Connect/app/packages/apps/HTC_Connect/src/com/htc/wifidisplay/engine/driver/AirplayDeviceDriver.java" timestamp="1560217424886">
        <mark key="[" line="45" column="0" />
        <mark key="]" line="45" column="0" />
        <mark key="^" line="46" column="34" />
        <mark key="." line="45" column="0" />
      </file>
      <file name="/work/code/DemoAlertDialog/app/src/main/java/com/example/archermind/demoalertdialog/MainActivity.java" timestamp="1551247992000">
        <mark key="[" line="81" column="0" />
        <mark key="]" line="81" column="0" />
        <mark key="^" line="41" column="36" />
        <mark key="." line="81" column="0" />
      </file>
      <file name="/work/code/connect/app/packages/apps/HTC_Connect/src/com/htc/wifidisplay/engine/driver/WifiDisplayDeviceDriver.java" timestamp="1551681452507">
        <mark key="[" line="846" column="49" />
        <mark key="]" line="846" column="58" />
        <mark key="." line="641" column="57" />
        <mark key="^" line="846" column="58" />
      </file>
      <file name="/work/code/HTC_Connect/app/packages/apps/HTC_Connect/src/com/htc/wifidisplay/engine/driver/AllPlayDeviceDriver.java" timestamp="1559803154086">
        <mark key="'" line="0" column="0" />
        <mark key="^" line="86" column="8" />
      </file>
      <file name="/work/code/HTC_Connect/hdk/htc/lib1/HtcCommonControl/gradle.properties" timestamp="1559531475226">
        <mark key="[" line="17" column="26" />
        <mark key="]" line="17" column="54" />
        <mark key="^" line="17" column="54" />
        <mark key="." line="17" column="54" />
      </file>
      <file name="/work/code/DemoBinder/app/src/main/java/com/example/archermind/demobinder/RemoteService.java" timestamp="1551407999117">
        <mark key="[" line="56" column="31" />
        <mark key="]" line="56" column="31" />
        <mark key="^" line="56" column="31" />
        <mark key="." line="56" column="31" />
      </file>
      <file name="/work/code/DemoBinder/build.gradle" timestamp="1551331942475">
        <mark key="[" line="7" column="50" />
        <mark key="]" line="7" column="51" />
        <mark key="." line="7" column="51" />
        <mark key="^" line="7" column="51" />
      </file>
      <file name="/work/code/DemoAlertDialog/app/src/main/res/layout/activity_main.xml" timestamp="1550817472106">
        <mark key="[" line="9" column="11" />
        <mark key="]" line="10" column="33" />
        <mark key="." line="10" column="33" />
        <mark key="^" line="10" column="33" />
      </file>
    </filemarks>
    <jumps>
      <jump line="12" column="39" filename="/work/code/connect_20190111/app/packages/apps/HTC_Connect/src/com/htc/wifidisplay/receiver/MultiFingerSwipeReceiver.java" />
      <jump line="62" column="44" filename="/work/code/connect_20190111/app/packages/apps/HTC_Connect/src/com/htc/wifidisplay/service/MultiFingerSwipeService.java" />
      <jump line="107" column="16" filename="/work/code/connect_20190111/app/packages/apps/HTC_Connect/AndroidManifest.xml" />
      <jump line="302" column="8" filename="/work/code/connect_20190111/app/packages/apps/HTC_Connect/AndroidManifest.xml" />
      <jump line="300" column="46" filename="/work/code/connect_20190111/app/packages/apps/HTC_Connect/AndroidManifest.xml" />
      <jump line="190" column="26" filename="/work/code/connect_20190115/app/packages/apps/HTC_Connect/src/com/htc/wifidisplay/service/MultiFingerSwipeService.java" />
      <jump line="184" column="74" filename="/work/code/connect_20190115/app/packages/apps/HTC_Connect/src/com/htc/wifidisplay/service/MultiFingerSwipeService.java" />
      <jump line="751" column="22" filename="/work/code/connect_20190115/app/packages/apps/HTC_Connect/src/com/htc/wifidisplay/dialog/MediaOutputDialog.java" />
      <jump line="212" column="17" filename="/work/code/connect_20190115/app/packages/apps/HTC_Connect/src/com/htc/wifidisplay/service/MultiFingerSwipeService.java" />
      <jump line="289" column="46" filename="/work/code/connect_20190115/app/packages/apps/HTC_Connect/AndroidManifest.xml" />
      <jump line="388" column="0" filename="/work/code/connect_20190115/app/packages/apps/HTC_Connect/AndroidManifest.xml" />
      <jump line="47" column="4" filename="/work/code/connect_20190115/app/packages/apps/HTC_Connect/AndroidManifest.xml" />
      <jump line="257" column="80" filename="/work/code/connect_20190115/app/packages/apps/HTC_Connect/src/com/htc/wifidisplay/service/MultiFingerSwipeService.java" />
      <jump line="808" column="17" filename="/work/code/connect_20190115/app/packages/apps/HTC_Connect/src/com/htc/wifidisplay/dialog/MediaOutputDialog.java" />
      <jump line="383" column="39" filename="/work/code/connect_20190115/app/packages/apps/HTC_Connect/AndroidManifest.xml" />
      <jump line="296" column="41" filename="/work/code/connect/app/packages/apps/HTC_Connect/src/com/htc/wifidisplay/airplay/AirplayService.java" />
      <jump line="277" column="99" filename="/work/code/connect/app/packages/apps/HTC_Connect/src/com/htc/wifidisplay/airplay/AirplayService.java" />
      <jump line="54" column="64" filename="/work/code/DemoStyle3/app/src/main/java/com/example/archermind/demostyle3/CustomView.java" />
      <jump line="304" column="41" filename="/work/android-sdk-linux/sources/android-28/com/android/internal/policy/PhoneWindow.java" />
      <jump line="337" column="13" filename="/work/android-sdk-linux/sources/android-28/java/lang/reflect/Constructor.java" />
      <jump line="0" column="0" filename="/work/AOSP/aosp/frameworks/base/core/java/android/view/WindowManager.java" />
      <jump line="79" column="7" filename="/work/code/DemoBinder/app/src/main/java/com/example/archermind/demobinder/MainActivity.java" />
      <jump line="702" column="66" filename="/work/code/connect/app/packages/apps/HTC_Connect/src/com/htc/wifidisplay/dialog/MediaOutputDialog.java" />
      <jump line="365" column="35" filename="/work/code/connect/app/packages/apps/HTC_Connect/src/com/htc/wifidisplay/activities/MediaOutputActivity.java" />
      <jump line="33" column="22" filename="/work/code/HTC_Connect/app/packages/apps/HTC_AllPlay_Service/src/com/htc/wifidisplay/engine/service/core/listener/AllPlayControllerEventListener.java" />
      <jump line="12" column="40" filename="/work/code/HTC_Connect/app/packages/apps/HTC_AllPlay_Service/src/com/htc/wifidisplay/engine/service/AllPlayService.java" />
      <jump line="190" column="55" filename="/work/code/HTC_Connect/app/packages/apps/HTC_AllPlay_Service/src/com/htc/wifidisplay/engine/service/core/listener/AllPlayControllerEventListener.java" />
      <jump line="49" column="0" filename="/work/code/HTC_Connect/app/packages/apps/HTC_AllPlay_Service/src/com/htc/wifidisplay/engine/service/core/listener/AllPlayControllerHttpLPCMEventListener.java" />
      <jump line="348" column="50" filename="/work/code/HTC_Connect/app/packages/apps/HTC_AllPlay_Service/src/com/htc/wifidisplay/engine/service/core/listener/AllPlayControllerHttpLPCMEventListener.java" />
      <jump line="0" column="0" filename="/work/code/HTC_Connect/app/packages/apps/HTC_Connect/src/com/htc/wifidisplay/engine/driver/AllPlayDeviceDriver.java" />
      <jump line="43" column="43" filename="/work/code/HTC_Connect/app/packages/apps/HTC_AllPlay_Service/src/com/htc/wifidisplay/engine/service/core/AllPlayHttpLPCMManager.java" />
      <jump line="174" column="51" filename="/work/code/HTC_Connect/app/packages/apps/HTC_AllPlay_Service/src/com/htc/wifidisplay/engine/service/core/AllPlayHttpLPCMManager.java" />
      <jump line="936" column="36" filename="/work/code/HTC_Connect/app/packages/apps/HTC_AllPlay_Service/src/com/htc/wifidisplay/engine/service/AllPlayService.java" />
      <jump line="490" column="65" filename="/work/code/HTC_Connect/app/packages/apps/HTC_AllPlay_Service/src/com/htc/wifidisplay/engine/service/AllPlayService.java" />
      <jump line="49" column="4" filename="/work/code/HTC_Connect/app/packages/apps/HtcAllPlay_ShareModule/src/com/htc/allplaysharemodule/widget/AllPlayServiceHelper.java" />
      <jump line="37" column="37" filename="/work/code/HTC_Connect/app/packages/apps/HTC_AllPlay_Service/src/com/htc/wifidisplay/engine/service/pcm/CircularPipedStream.java" />
      <jump line="42" column="54" filename="/work/code/HTC_Connect/app/packages/apps/HTC_Connect/src/com/htc/wifidisplay/receiver/MediaOutputReceiver.java" />
      <jump line="42" column="39" filename="/work/code/HTC_Connect/app/packages/apps/HTC_Connect/src/com/htc/wifidisplay/engine/MediaOutputStateMachine.java" />
      <jump line="24" column="0" filename="/work/code/HTC_Connect/app/packages/apps/HTC_Connect/src/com/htc/wifidisplay/service/MultiFingerSwipeService.java" />
      <jump line="50" column="3" filename="/work/code/HTC_Connect/app/packages/apps/HTC_AllPlay_Service/src/com/htc/wifidisplay/engine/service/pcm/PCMAudioStreamer.java" />
      <jump line="276" column="64" filename="/work/code/HTC_Connect/app/packages/apps/HTC_AllPlay_Service/src/com/htc/wifidisplay/engine/service/pcm/PCMAudioStreamer.java" />
      <jump line="68" column="26" filename="/work/code/HTC_Connect/app/packages/apps/HTC_Connect/src/com/htc/wifidisplay/service/PinCodePreCheckService.java" />
      <jump line="171" column="25" filename="/work/AOSP/aosp/frameworks/base/core/java/android/app/ContextImpl.java" />
      <jump line="348" column="24" filename="/work/AOSP/aosp/frameworks/base/core/java/android/app/ContextImpl.java" />
      <jump line="1988" column="60" filename="/work/AOSP/aosp/frameworks/base/core/java/android/app/ContextImpl.java" />
      <jump line="1990" column="50" filename="/work/AOSP/aosp/frameworks/base/core/java/android/app/ContextImpl.java" />
      <jump line="1994" column="56" filename="/work/AOSP/aosp/frameworks/base/core/java/android/app/ContextImpl.java" />
      <jump line="2007" column="41" filename="/work/AOSP/aosp/frameworks/base/core/java/android/app/ContextImpl.java" />
      <jump line="2021" column="56" filename="/work/AOSP/aosp/frameworks/base/core/java/android/app/ContextImpl.java" />
      <jump line="2301" column="24" filename="/work/AOSP/aosp/frameworks/base/core/java/android/app/ContextImpl.java" />
      <jump line="6417" column="0" filename="/work/code/HTC_Connect/hdk/htc/lib3/MediaLinkSharedModule/src/com/htc/lib3/medialinksharedmodule/medialinkhd/HtcDLNAServiceManager.java" />
      <jump line="2637" column="27" filename="/work/code/HTC_Connect/hdk/htc/lib3/MediaLinkSharedModule/src/com/htc/lib3/medialinksharedmodule/medialinkhd/HtcDLNAServiceManager.java" />
      <jump line="649" column="50" filename="/work/code/HTC_Connect/app/packages/apps/HTC_Connect/src/com/htc/wifidisplay/utilities/DMRDeviceManager.java" />
      <jump line="42" column="12" filename="/work/code/HTC_Connect/app/packages/apps/HTC_Connect/src/com/htc/wifidisplay/engine/driver/BlackfireDeviceDriver.java" />
    </jumps>
    <registers>
      <register name="&quot;" type="4">
        <text encoding="base64">IGNhdGNoIChSZW1vdGVFeGNlcHRpb24gZSkgewogICAgICAgICAgICAvLyBUT0RPIEF1dG8tZ2VuZXJhdGVkIGNhdGNoIGJsb2NrCiAgICAgICAgICAgIGUucHJpbnRTdGFja1RyYWNlKCk7CiAgICAgICAgfQ==</text>
      </register>
      <register name="-" type="4">
        <text>Remote</text>
      </register>
      <register name="/" type="4">
        <text>application</text>
      </register>
      <register name="0" type="2">
        <text encoding="base64">ICAgICAgICAgICAgLy8gVE9ETyBBdXRvLWdlbmVyYXRlZCBjYXRjaCBibG9jawo=</text>
      </register>
      <register name="1" type="4">
        <text encoding="base64">IGNhdGNoIChSZW1vdGVFeGNlcHRpb24gZSkgewogICAgICAgICAgICAvLyBUT0RPIEF1dG8tZ2VuZXJhdGVkIGNhdGNoIGJsb2NrCiAgICAgICAgICAgIGUucHJpbnRTdGFja1RyYWNlKCk7CiAgICAgICAgfQ==</text>
      </register>
      <register name="2" type="4">
        <text encoding="base64">ICAgICAgICBpZihudWxsID09IG1TZXJ2aWNlKQogICAgICAgICAgICByZXR1cm47</text>
      </register>
      <register name="3" type="2">
        <text encoding="base64">ICAgICAgICAgICAgICAgIGlmIChudWxsICE9IG1TZXJ2aWNlKSB7Cg==</text>
      </register>
      <register name="4" type="2">
        <text encoding="base64">ICAgICAgICAgICAgICAgIAo=</text>
      </register>
      <register name="5" type="2">
        <text encoding="base64">ICAgICAgICAgICAgbVNlcnZpY2UuZ2V0UmVuZGVyZXJMaXN0KG1Db29raWUpOwo=</text>
      </register>
      <register name="6" type="2">
        <text encoding="base64">ICAgICAgICAgICAgICAgIAo=</text>
      </register>
      <register name="7" type="2">
        <text encoding="base64">aW1wb3J0IGNvbS5odGMud2lmaWRpc3BsYXkuUjsK</text>
      </register>
      <register name="8" type="2">
        <text encoding="base64">ICAgICAgICAuLi4K</text>
      </register>
      <register name="9" type="2">
        <text encoding="base64">ICAgICAgICAgICAgY29udGV4dC5zdGFydFNlcnZpY2UoaW50ZW50UGluQ29kZVNlcnZpY2UpOwo=</text>
      </register>
      <register name=":" type="4">
        <text>q</text>
      </register>
    </registers>
    <search>
      <last-search>application</last-search>
      <last-offset />
      <last-pattern>application</last-pattern>
      <last-dir>1</last-dir>
      <show-last>false</show-last>
    </search>
    <history>
      <history-search>
        <entry encoding="base64">XDxNdWx0aUZpbmdlclN3aXBlUmVjZWl2ZXJcPg==</entry>
        <entry>mediaoutput</entry>
        <entry>mediaoutputac</entry>
        <entry>mediaoutputservice</entry>
        <entry encoding="base64">XDxzdHlsZWFibGVcPg==</entry>
        <entry>application</entry>
      </history-search>
      <history-cmd>
        <entry>wq</entry>
        <entry>close</entry>
        <entry>w</entry>
        <entry>q</entry>
      </history-cmd>
      <history-expr />
      <history-input />
    </history>
    <shortcut-conflicts>
      <shortcut-conflict owner="ide">
        <text>ctrl pressed U</text>
      </shortcut-conflict>
      <shortcut-conflict owner="ide">
        <text>ctrl pressed V</text>
      </shortcut-conflict>
      <shortcut-conflict owner="ide">
        <text>ctrl pressed A</text>
      </shortcut-conflict>
      <shortcut-conflict owner="ide">
        <text>ctrl pressed B</text>
      </shortcut-conflict>
      <shortcut-conflict owner="ide">
        <text>ctrl pressed W</text>
      </shortcut-conflict>
      <shortcut-conflict owner="ide">
        <text>ctrl pressed X</text>
      </shortcut-conflict>
      <shortcut-conflict owner="ide">
        <text>ctrl pressed M</text>
      </shortcut-conflict>
      <shortcut-conflict owner="ide">
        <text>ctrl pressed N</text>
      </shortcut-conflict>
      <shortcut-conflict owner="ide">
        <text>shift ctrl pressed 2</text>
      </shortcut-conflict>
      <shortcut-conflict owner="ide">
        <text>ctrl pressed C</text>
      </shortcut-conflict>
      <shortcut-conflict owner="ide">
        <text>ctrl pressed D</text>
      </shortcut-conflict>
      <shortcut-conflict owner="vim">
        <text>ctrl pressed Y</text>
      </shortcut-conflict>
      <shortcut-conflict owner="ide">
        <text>ctrl pressed O</text>
      </shortcut-conflict>
      <shortcut-conflict owner="ide">
        <text>ctrl pressed P</text>
      </shortcut-conflict>
      <shortcut-conflict owner="vim">
        <text>ctrl pressed E</text>
      </shortcut-conflict>
      <shortcut-conflict owner="ide">
        <text>ctrl pressed F</text>
      </shortcut-conflict>
      <shortcut-conflict owner="ide">
        <text>ctrl pressed OPEN_BRACKET</text>
      </shortcut-conflict>
      <shortcut-conflict owner="ide">
        <text>ctrl pressed 2</text>
      </shortcut-conflict>
      <shortcut-conflict owner="ide">
        <text>ctrl pressed R</text>
      </shortcut-conflict>
      <shortcut-conflict owner="ide">
        <text>ctrl pressed G</text>
      </shortcut-conflict>
      <shortcut-conflict owner="ide">
        <text>ctrl pressed H</text>
      </shortcut-conflict>
      <shortcut-conflict owner="ide">
        <text>ctrl pressed CLOSE_BRACKET</text>
      </shortcut-conflict>
      <shortcut-conflict owner="ide">
        <text>shift ctrl pressed 6</text>
      </shortcut-conflict>
      <shortcut-conflict owner="ide">
        <text>ctrl pressed S</text>
      </shortcut-conflict>
      <shortcut-conflict owner="ide">
        <text>ctrl pressed T</text>
      </shortcut-conflict>
      <shortcut-conflict owner="ide">
        <text>ctrl pressed I</text>
      </shortcut-conflict>
    </shortcut-conflicts>
  </component>
</application>